name,salary,new_salary
John,100,110.00000000000001
Jason,200,220.00000000000003
Agnes,200,220.00000000000003
Victoria,300,330.0
